{"cameraMode":{"drawMode":0,"name":"Shaded","section":"Shading Mode"},"sceneLighting":false,"audioPlay":false,"sceneViewState":{"showFog":true,"showMaterialUpdate":false,"showSkybox":true,"showFlares":true,"showImageEffects":true,"showParticleSystems":true},"in2DMode":false,"pivot":{"x":3.6605019569396974,"y":-2.0338220596313478,"z":3.347088575363159},"rotation":{"x":-0.2076720893383026,"y":0.34403425455093386,"z":-0.07831008732318878,"w":-0.9123488068580627},"size":8.315046310424805,"orthographic":false}